{
  "DIM": [
    720,
    720
  ],
  "K": [
    [
      198.21166091912028,
      0.0,
      358.3113569299343
    ],
    [
      0.0,
      198.28061799189555,
      361.6571148738629
    ],
    [
      0.0,
      0.0,
      1.0
    ]
  ],
  "D": [
    [
      0.07413237913108744
    ],
    [
      -0.005316121314285971
    ],
    [
      -0.0035352005766080565
    ],
    [
      0.0
    ]
  ]
}