{
  "K": [
    [
      44.41513823266341,
      0.0,
      358.31076945751954
    ],
    [
      0.0,
      44.43059008804483,
      361.65711487386284
    ],
    [
      0.0,
      0.0,
      1.0
    ]
  ],
  "D": [
    [
      0.0
    ],
    [
      0.0
    ],
    [
      0.0
    ],
    [
      0.0
    ],
    [
      0.0
    ]
  ],
  "DIM": [
    720,
    720
  ]
}